ano,mes,prec
1973,ENE,0.3 
1973,FEB,0.0 
1973,MAR,0.0 
1973,ABR,54.1 
1973,MAY,10.3 
1973,JUN,59.3 
1973,JUL,27.4 
1973,AGO,306.5 
1973,SEPT,208.8 
1973,OCT,109.7 
1973,NOV,66.0 
1973,DIC,0.1 
1974,ENE,3.3 
1974,FEB,7.8 
1974,MAR,5.5 
1974,ABR,0.5 
1974,MAY,35.5 
1974,JUN,1.5 
1974,JUL,174.2 
1974,AGO,262.0 
1974,SEPT,133.4 
1974,OCT,193.5 
1974,NOV,18.0 
1974,DIC,24.0 
1975,ENE,1.5 
1975,FEB,18.6 
1975,MAR,0.0 
1975,ABR,1.4 
1975,MAY,97.9 
1975,JUN,64.9 
1975,JUL,188.4 
1975,AGO,224.9 
1975,SEPT,196.2 
1975,OCT,137.3 
1975,NOV,99.6 
1975,DIC,79.4 
1976,ENE,0.0 
1976,FEB,7.4 
1976,MAR,22.6 
1976,ABR,51.2 
1976,MAY,57.7 
1976,JUN,161.0 
1976,JUL,227.8 
1976,AGO,108.6 
1976,SEPT,37.8 
1976,OCT,128.2 
1976,NOV,107.6 
1976,DIC,6.6 
1977,ENE,0.0 
1977,FEB,0.0 
1977,MAR,20.2 
1977,ABR,27.0 
1977,MAY,57.4 
1977,JUN,136.3 
1977,JUL,56.8 
1977,AGO,213.6 
1977,SEPT,153.2 
1977,OCT,127.6 
1977,NOV,26.2 
1977,DIC,0.0 
1978,ENE,28.8 
1978,FEB,0.0 
1978,MAR,0.0 
1978,ABR,119.8 
1978,MAY,109.0 
1978,JUN,118.1 
1978,JUL,118.2 
1978,AGO,154.5 
1978,SEPT,144.7 
1978,OCT,109.5 
1978,NOV,134.6 
1978,DIC,14.7 
1979,ENE,0.0 
1979,FEB,0.0 
1979,MAR,24.5 
1979,ABR,62.0 
1979,MAY,126.2 
1979,JUN,248.6 
1979,JUL,134.0 
1979,AGO,124.7 
1979,SEPT,221.8 
1979,OCT,56.1 
1979,NOV,114.7 
1979,DIC,15.8 
1980,ENE,0.0 
1980,FEB,0.0 
1980,MAR,0.0 
1980,ABR,31.4 
1980,MAY,131.4 
1980,JUN,115.3 
1980,JUL,138.0 
1980,AGO,159.6 
1980,SEPT,187.3 
1980,OCT,152.2 
1980,NOV,15.3 
1980,DIC,11.2 
1981,ENE,8.2 
1981,FEB,24.1 
1981,MAR,0.0 
1981,ABR,244.3 
1981,MAY,196.2 
1981,JUN,85.8 
1981,JUL,348.6 
1981,AGO,195.3 
1981,SEPT,162.3 
1981,OCT,52.4 
1981,NOV,166.2 
1981,DIC,57.6 
1982,ENE,3.0 
1982,FEB,1.0 
1982,MAR,0.0 
1982,ABR,205.3 
1982,MAY,138.6 
1982,JUN,30.8 
1982,JUL,38.2 
1982,AGO,134.2 
1982,SEPT,124.0 
1982,OCT,165.3 
1982,NOV,0.3 
1982,DIC,1.6 
1983,ENE,0.0 
1983,FEB,0.0 
1983,MAR,1.0 
1983,ABR,81.9 
1983,MAY,120.7 
1983,JUN,145.6 
1983,JUL,135.9 
1983,AGO,189.8 
1983,SEPT,104.0 
1983,OCT,107.7 
1983,NOV,35.7 
1983,DIC,0.8 
1984,ENE,1.5 
1984,FEB,1.4 
1984,MAR,0.0 
1984,ABR,28.2 
1984,MAY,15.1 
1984,JUN,114.2 
1984,JUL,180.6 
1984,AGO,139.9 
1984,SEPT,88.1 
1984,OCT,90.5 
1984,NOV,76.7 
1984,DIC,10.4 
1985,ENE,0.0 
1985,FEB,0.5 
1985,MAR,0.0 
1985,ABR,45.5 
1985,MAY,74.9 
1985,JUN,129.9 
1985,JUL,93.3 
1985,AGO,240.3 
1985,SEPT,82.9 
1985,OCT,110.5 
1985,NOV,112.3 
1985,DIC,52.6 
1986,ENE,0.0 
1986,FEB,7.1 
1986,MAR,0.0 
1986,ABR,102.7 
1986,MAY,165.8 
1986,JUN,173.9 
1986,JUL,104.8 
1986,AGO,125.9 
1986,SEPT,116.9 
1986,OCT,114.5 
1986,NOV,26.0 
1986,DIC,3.8 
1987,ENE,3.4 
1987,FEB,0.4 
1987,MAR,9.7 
1987,ABR,46.8 
1987,MAY,169.4 
1987,JUN,167.8 
1987,JUL,99.0 
1987,AGO,136.0 
1987,SEPT,169.4 
1987,OCT,109.7 
1987,NOV,70.9 
1987,DIC,0.0 
1988,ENE,0.0 
1988,FEB,11.5 
1988,MAR,0.0 
1988,ABR,13.0 
1988,MAY,35.1 
1988,JUN,209.9 
1988,JUL,149.0 
1988,AGO,199.8 
1988,SEPT,238.5 
1988,OCT,160.7 
1988,NOV,140.1 
1988,DIC,16.6 
1989,ENE,3.0 
1989,FEB,0.8 
1989,MAR,0.0 
1989,ABR,2.5 
1989,MAY,142.6 
1989,JUN,48.4 
1989,JUL,79.0 
1989,AGO,243.5 
1989,SEPT,219.2 
1989,OCT,136.7 
1989,NOV,2.6 
1989,DIC,1.3 
1990,ENE,0.0 
1990,FEB,0.6 
1990,MAR,0.0 
1990,ABR,0.0 
1990,MAY,99.1 
1990,JUN,144.3 
1990,JUL,174.2 
1990,AGO,159.8 
1990,SEPT,149.7 
1990,OCT,168.3 
1990,NOV,59.0 
1990,DIC,35.8 
1991,ENE,0.0 
1991,FEB,0.4 
1991,MAR,12.5 
1991,ABR,104.6 
1991,MAY,45.6 
1991,JUN,47.2 
1991,JUL,186.4 
1991,AGO,262.6 
1991,SEPT,103.2 
1991,OCT,64.1 
1991,NOV,77.7 
1991,DIC,14.1 
1992,ENE,0.0 
1992,FEB,0.0 
1992,MAR,0.0 
1992,ABR,27.4 
1992,MAY,133.7 
1992,JUN,73.8 
1992,JUL,156.7 
1992,AGO,150.6 
1992,SEPT,144.0 
1992,OCT,139.9 
1992,NOV,110.4 
1992,DIC,41.5 
1993,ENE,0.0 
1993,FEB,0.0 
1993,MAR,15.3 
1993,ABR,153.0 
1993,MAY,223.9 
1993,JUN,94.2 
1993,JUL,129.2 
1993,AGO,201.0 
1993,SEPT,69.8 
1993,OCT,95.7 
1993,NOV,85.0 
1993,DIC,0.0 
1994,ENE,0.0 
1994,FEB,10.7 
1994,MAR,57.7 
1994,ABR,40.2 
1994,MAY,27.6 
1994,JUN,61.6 
1994,JUL,151.1 
1994,AGO,172.3 
1994,SEPT,253.2 
1994,OCT,141.8 
1994,NOV,83.0 
1994,DIC,9.1 
1995,ENE,3.4 
1995,FEB,0.0 
1995,MAR,119.7 
1995,ABR,19.0 
1995,MAY,26.4 
1995,JUN,82.2 
1995,JUL,292.5 
1995,AGO,131.9 
1995,SEPT,212.4 
1995,OCT,124.4 
1995,NOV,58.8 
1995,DIC,1.8 
1996,ENE,19.8 
1996,FEB,0.4 
1996,MAR,13.5 
1996,ABR,13.1 
1996,MAY,133.6 
1996,JUN,218.2 
1996,JUL,289.4 
1996,AGO,140.5 
1996,SEPT,159.4 
1996,OCT,139.6 
1996,NOV,47.2 
1996,DIC,88.6 
1997,ENE,3.7 
1997,FEB,0.6 
1997,MAR,0.0 
1997,ABR,46.2 
1997,MAY,106.9 
1997,JUN,102.5 
1997,JUL,287.5 
1997,AGO,96.8 
1997,SEPT,61.7 
1997,OCT,94.2 
1997,NOV,61.2 
1997,DIC,0.0 
1998,ENE,0.0 
1998,FEB,0.0 
1998,MAR,39.4 
1998,ABR,89.8 
1998,MAY,170.7 
1998,JUN,96.4 
1998,JUL,148.3 
1998,AGO,106.5 
1998,SEPT,181.1 
1998,OCT,172.7 
1998,NOV,7.1 
1998,DIC,26.3 
1999,ENE,2.6 
1999,FEB,0.2 
1999,MAR,1.0 
1999,ABR,162.0 
1999,MAY,51.8 
1999,JUN,151.6 
1999,JUL,288.2 
1999,AGO,436.0 
1999,SEPT,271.2 
1999,OCT,223.3 
1999,NOV,125.8 
1999,DIC,28.3 
2000,ENE,12.4 
2000,FEB,0.1 
2000,MAR,40.3 
2000,ABR,5.2 
2000,MAY,56.5 
2000,JUN,76.9 
2000,JUL,57.8 
2000,AGO,139.0 
2000,SEPT,307.7 
2000,OCT,119.9 
2000,NOV,59.5 
2000,DIC,5.2 
2001,ENE,0.0 
2001,FEB,0.0 
2001,MAR,0.0 
2001,ABR,0.4 
2001,MAY,22.3 
2001,JUN,106.8 
2001,JUL,95.0 
2001,AGO,159.8 
2001,SEPT,161.9 
2001,OCT,137.1 
2001,NOV,44.5 
2001,DIC,23.6 
2002,ENE,1.3 
2002,FEB,0.0 
2002,MAR,3.6 
2002,ABR,106.7 
2002,MAY,61.9 
2002,JUN,164.1 
2002,JUL,82.0 
2002,AGO,75.5 
2002,SEPT,161.8 
2002,OCT,51.5 
2002,NOV,45.0 
2002,DIC,1.3 
2003,ENE,0.0 
2003,FEB,0.0 
2003,MAR,0.0 
2003,ABR,84.5 
2003,MAY,182.7 
2003,JUN,134.6 
2003,JUL,116.7 
2003,AGO,171.8 
2003,SEPT,126.4
2003,OCT,217.80
2003,NOV,197.70
2003,DIC,18.7
2004,ENE,0.1 
2004,FEB,0.0 
2004,MAR,0.0 
2004,ABR,54.5 
2004,MAY,232.1 
2004,JUN,78.9 
2004,JUL,115.5 
2004,AGO,162.1 
2004,SEPT,193.3
2004,OCT,131.20
2004,NOV,36.10
2004,DIC,11.3
2005,ENE,0.0 
2005,FEB,0.0 
2005,MAR,0.0 
2005,ABR,41.3 
2005,MAY,134.9 
2005,JUN,155.7 
2005,JUL,278.8 
2005,AGO,236.5 
2005,SEPT,141.9
2005,OCT,167.60
2005,NOV,129.20
2005,DIC,5.1
2006,ENE,7.7 
2006,FEB,0.0 
2006,MAR,4.4 
2006,ABR,2.0 
2006,MAY,146.8 
2006,JUN,116.4 
2006,JUL,357.9 
2006,AGO,229.4 
2006,SEPT,142.4
2006,OCT,125.60
2006,NOV,152.60
2006,DIC,9
2007,ENE,27.9 
2007,FEB,0.5 
2007,MAR,52.6 
2007,ABR,38.1 
2007,MAY,102.5 
2007,JUN,94.3 
2007,JUL,90.9 
2007,AGO,329.8 
2007,SEPT,112.5
2007,OCT,170.90
2007,NOV,21.10
2007,DIC,2.7
2008,ENE,0.0 
2008,FEB,0.0 
2008,MAR,5.0 
2008,ABR,76.9 
2008,MAY,130.3 
2008,JUN,55.0 
2008,JUL,75.7 
2008,AGO,124.5 
2008,SEPT,171.4
2008,OCT,204.50
2008,NOV,91.50
2008,DIC,6.3
2009,ENE,1.1 
2009,FEB,2.1 
2009,MAR,2.3 
2009,ABR,25.9 
2009,MAY,171.4 
2009,JUN,58.1 
2009,JUL,79.1 
2009,AGO,163.5 
2009,SEPT,119.8
2009,OCT,142.10
2009,NOV,27.90
2009,DIC,22.3
2010,ENE,0.0 
2010,FEB,1.5 
2010,MAR,6.5 
2010,ABR,124.1 
2010,MAY,296.7 
2010,JUN,287.8 
2010,JUL,214.1 
2010,AGO,195.0 
2010,SEPT,135.6 
2010,OCT,81.3 
2010,NOV,181.7 
2010,DIC,13.1 
2011,ENE,10.5 
2011,FEB,10.5 
2011,MAR,6.0 
2011,ABR,53.1 
2011,MAY,176.8 
2011,JUN,159.3 
2011,JUL,292.6 
2011,AGO,212.1 
2011,SEPT,153.4 
2011,OCT,78.8 
2011,NOV,53.1 
2011,DIC,125.4 
2012,ENE,0.0 
2012,FEB,0.2 
2012,MAR,32.7 
2012,ABR,80.1 
2012,MAY,88.2 
2012,JUN,91.6 
2012,JUL,142.5 
2012,AGO,254.9 
2012,SEPT,225.5 
2012,OCT,94.1 
2012,NOV,21.4 
2012,DIC,8.7 
2013,ENE,0.0 
2013,FEB,0.0 
2013,MAR,8.4 
2013,ABR,90.7 
2013,MAY,111.5 
2013,JUN,74.6 
2013,JUL,87.2 
2013,AGO,226.7 
2013,SEPT,125.9 
2013,OCT,122.8 
2013,NOV,87.2 
2013,DIC,2.8 
2014,ENE,0.0 
2014,FEB,0.0 
2014,MAR,0.0 
2014,ABR,9.7 
2014,MAY,54.8 
2014,JUN,89.4 
2014,JUL,89.2 
2014,AGO,87.7 
2014,SEPT,316.9 
2014,OCT,198.5 
2014,NOV,87.1 
2014,DIC,18.8 
2015,ENE,9.0 
2015,FEB,0.0 
2015,MAR,0.0 
2015,ABR,37.1 
2015,MAY,59.0 
2015,JUN,44.1 
2015,JUL,68.7 
2015,AGO,139.8 
2015,SEPT,175.4 
2015,OCT,145.8 
2015,NOV,52.5 
2015,DIC,7.5 
